{
	"type": "GenericCrafter",
	"name": "Thorium Press",
	"description": ".", 
	"itemCapacity": 10,
	"liquidCapacity": 15,
	"outputItem": {"item": "thorium", "amount": 1 },
	"size": 2,
	"health": 120,
	"hasPower": true,
	"hasLiquids": true,
	"craftTime": 50,
	"update": true, 
	"solid": true, 
	"craftEffect": "pulverizeMedium",
	"consumes": {
		"power": 0.9,
		"items": {
        "items": [
        {"item": "fragment", "amount": 3 }
      ]
           }
      }, 
	"requirements": [
		{ "item": "lead", "amount": 100 },
		{ "item": "titanium", "amount": 55 },
		{ "item": "graphite", "amount": 50 },
		{ "item": "silicon", "amount": 37 }
	],
	"category": "crafting",
	"research": "fragment-titanium-press",
	"idleSound": "machine",
	"idleSoundVolume": 0.3
}