{
	"type": "GenericCrafter",
	"name": "Titanium Press",
	"description": ".", 
	"itemCapacity": 10,
	"liquidCapacity": 15,
	"outputItem": {"item": "titanium", "amount": 4 },
	"size": 2,
	"health": 120,
	"hasPower": true,
	"hasLiquids": true,
	"craftTime": 35,
	"update": true, 
	"solid": true, 
	"craftEffect": "pulverizeMedium",
	"consumes": {
		"power": 0.4,
		"items": {
        "items": [
        {"item": "fragment", "amount": 1 }
      ]
           }
      }, 
	"requirements": [
		{ "item": "lead", "amount": 95 },
		{ "item": "titanium", "amount": 65 },
		{ "item": "graphite", "amount": 45 },
		{ "item": "silicon", "amount": 40 }
	],
	"category": "crafting",
	"research": "fragment-melter",
	"idleSound": "machine",
	"idleSoundVolume": 0.3
}