{
	"type": "GenericSmelter",
	"name": "Fragment Melter",
	"description": ".", 
	"itemCapacity": 10,
	"liquidCapacity": 15,
	"outputItem": {"item": "fragment", "amount": 1 },
	"size": 2,
	"health": 125,
	"hasPower": true,
	"hasLiquids": true,
	"craftTime": 30,
	"updateEffect": "smeltsmoke",
	"updateEffectChance": 0.1,
	"consumes": {
		"power": 0.8,
		"items": {
        "items": [
        {"item": "copper", "amount": 2},
        {"item": "lead", "amount": 2}, 
        {"item": "titanium", "amount": 1}
      ]
		    }
      }, 
	"requirements": [
		{ "item": "lead", "amount": 95 },
		{ "item": "titanium", "amount": 75 },
		{ "item": "graphite", "amount": 45 },
		{ "item": "silicon", "amount": 35 }
	],
	"category": "crafting",
	"research": "silicon-smelter",
	"idleSound": "respawning",
	"idleSoundVolume": 0.5
}